{
    "$schema": "https://schema.management.azure.com/schemas/2015-01-01/deploymentParameters.json#",
    "contentVersion": "1.0.0.0",
    "parameters": {
        "factoryName": {
            "value": "adf-e2e-02"
        },
        "02dlgen2linkedservice_accountKey": {
            "value": ""
        },
        "SqlServer1onprem02_connectionString": {
            "value": "Integrated Security=False;Data Source=JIAGEORGE\\SQLEXPRESS;Initial Catalog=AdventureWorksLT2017;User ID=mrk"
        },
        "02dlgen2linkedservice_properties_typeProperties_url": {
            "value": "https://02dlgen2.dfs.core.windows.net/"
        },
        "AzureKeyVault102_properties_typeProperties_baseUrl": {
            "value": "https://e2e-02-keyvault.vault.azure.net/"
        },
        "SqlServeronpremlikedservice_properties_typeProperties_connectionString_secretName": {
            "value": "password"
        },
        "AzureDatabrickslinkedservice02_properties_typeProperties_existingClusterId": {
            "value": "1019-205523-34rmkcjn"
        }
    }
}