{
    "$schema": "http://schema.management.azure.com/schemas/2015-01-01/deploymentTemplate.json#",
    "contentVersion": "1.0.0.0",
    "parameters": {
        "factoryName": {
            "type": "string",
            "metadata": "Data Factory name",
            "defaultValue": "adf-e2e-02"
        },
        "02dlgen2linkedservice_accountKey": {
            "type": "secureString",
            "metadata": "Secure string for 'accountKey' of '02dlgen2linkedservice'"
        },
        "SqlServer1onprem02_connectionString": {
            "type": "secureString",
            "metadata": "Secure string for 'connectionString' of 'SqlServer1onprem02'",
            "defaultValue": "Integrated Security=False;Data Source=JIAGEORGE\\SQLEXPRESS;Initial Catalog=AdventureWorksLT2017;User ID=mrk"
        },
        "02dlgen2linkedservice_properties_typeProperties_url": {
            "type": "string",
            "defaultValue": "https://02dlgen2.dfs.core.windows.net/"
        },
        "AzureKeyVault102_properties_typeProperties_baseUrl": {
            "type": "string",
            "defaultValue": "https://e2e-02-keyvault.vault.azure.net/"
        },
        "SqlServeronpremlikedservice_properties_typeProperties_connectionString_secretName": {
            "type": "string",
            "defaultValue": "password"
        },
        "AzureDatabrickslinkedservice02_properties_typeProperties_existingClusterId": {
            "type": "string",
            "defaultValue": "1019-205523-34rmkcjn"
        }
    },
    "variables": {
        "factoryId": "[concat('Microsoft.DataFactory/factories/', parameters('factoryName'))]"
    },
    "resources": [
        {
            "name": "[concat(parameters('factoryName'), '/SHAR02')]",
            "type": "Microsoft.DataFactory/factories/integrationRuntimes",
            "apiVersion": "2018-06-01",
            "properties": {
                "type": "SelfHosted",
                "description": "used to connect  SQL Server",
                "typeProperties": {}
            },
            "dependsOn": []
        },
        {
            "name": "[concat(parameters('factoryName'), '/02dlgen2linkedservice')]",
            "type": "Microsoft.DataFactory/factories/linkedServices",
            "apiVersion": "2018-06-01",
            "properties": {
                "annotations": [],
                "type": "AzureBlobFS",
                "typeProperties": {
                    "url": "[parameters('02dlgen2linkedservice_properties_typeProperties_url')]",
                    "accountKey": {
                        "type": "SecureString",
                        "value": "[parameters('02dlgen2linkedservice_accountKey')]"
                    }
                }
            },
            "dependsOn": []
        },
        {
            "name": "[concat(parameters('factoryName'), '/AzureKeyVault102')]",
            "type": "Microsoft.DataFactory/factories/linkedServices",
            "apiVersion": "2018-06-01",
            "properties": {
                "annotations": [],
                "type": "AzureKeyVault",
                "typeProperties": {
                    "baseUrl": "[parameters('AzureKeyVault102_properties_typeProperties_baseUrl')]"
                }
            },
            "dependsOn": []
        },
        {
            "name": "[concat(parameters('factoryName'), '/address_par')]",
            "type": "Microsoft.DataFactory/factories/datasets",
            "apiVersion": "2018-06-01",
            "properties": {
                "linkedServiceName": {
                    "referenceName": "02dlgen2linkedservice",
                    "type": "LinkedServiceReference"
                },
                "annotations": [],
                "type": "Parquet",
                "typeProperties": {
                    "location": {
                        "type": "AzureBlobFSLocation",
                        "fileSystem": "bronze"
                    },
                    "compressionCodec": "snappy"
                },
                "schema": []
            },
            "dependsOn": [
                "[concat(variables('factoryId'), '/linkedServices/02dlgen2linkedservice')]"
            ]
        },
        {
            "name": "[concat(parameters('factoryName'), '/address_parq')]",
            "type": "Microsoft.DataFactory/factories/datasets",
            "apiVersion": "2018-06-01",
            "properties": {
                "linkedServiceName": {
                    "referenceName": "02dlgen2linkedservice",
                    "type": "LinkedServiceReference"
                },
                "annotations": [],
                "type": "Parquet",
                "typeProperties": {
                    "location": {
                        "type": "AzureBlobFSLocation",
                        "fileSystem": "bronze"
                    },
                    "compressionCodec": "snappy"
                },
                "schema": []
            },
            "dependsOn": [
                "[concat(variables('factoryId'), '/linkedServices/02dlgen2linkedservice')]"
            ]
        },
        {
            "name": "[concat(parameters('factoryName'), '/address_csv')]",
            "type": "Microsoft.DataFactory/factories/datasets",
            "apiVersion": "2018-06-01",
            "properties": {
                "linkedServiceName": {
                    "referenceName": "02dlgen2linkedservice",
                    "type": "LinkedServiceReference"
                },
                "annotations": [],
                "type": "DelimitedText",
                "typeProperties": {
                    "location": {
                        "type": "AzureBlobFSLocation",
                        "fileSystem": "bronze"
                    },
                    "columnDelimiter": ",",
                    "escapeChar": "\\",
                    "firstRowAsHeader": true,
                    "quoteChar": "\""
                },
                "schema": []
            },
            "dependsOn": [
                "[concat(variables('factoryId'), '/linkedServices/02dlgen2linkedservice')]"
            ]
        },
        {
            "name": "[concat(parameters('factoryName'), '/ParquetTable')]",
            "type": "Microsoft.DataFactory/factories/datasets",
            "apiVersion": "2018-06-01",
            "properties": {
                "linkedServiceName": {
                    "referenceName": "02dlgen2linkedservice",
                    "type": "LinkedServiceReference"
                },
                "parameters": {
                    "schemaname": {
                        "type": "string"
                    },
                    "tablename": {
                        "type": "string"
                    }
                },
                "annotations": [],
                "type": "Parquet",
                "typeProperties": {
                    "location": {
                        "type": "AzureBlobFSLocation",
                        "fileName": {
                            "value": "@{concat(dataset().tablename,'.parquet')}",
                            "type": "Expression"
                        },
                        "folderPath": {
                            "value": "@{concat(dataset().schemaname, '/',dataset().tablename)}",
                            "type": "Expression"
                        },
                        "fileSystem": "bronze"
                    },
                    "compressionCodec": "snappy"
                },
                "schema": []
            },
            "dependsOn": [
                "[concat(variables('factoryId'), '/linkedServices/02dlgen2linkedservice')]"
            ]
        },
        {
            "name": "[concat(parameters('factoryName'), '/SqlServer1onprem02')]",
            "type": "Microsoft.DataFactory/factories/linkedServices",
            "apiVersion": "2018-06-01",
            "properties": {
                "annotations": [],
                "type": "SqlServer",
                "typeProperties": {
                    "connectionString": "[parameters('SqlServer1onprem02_connectionString')]",
                    "password": {
                        "type": "AzureKeyVaultSecret",
                        "store": {
                            "referenceName": "AzureKeyVault102",
                            "type": "LinkedServiceReference"
                        },
                        "secretName": "password"
                    }
                },
                "connectVia": {
                    "referenceName": "SHAR02",
                    "type": "IntegrationRuntimeReference"
                }
            },
            "dependsOn": [
                "[concat(variables('factoryId'), '/integrationRuntimes/SHAR02')]",
                "[concat(variables('factoryId'), '/linkedServices/AzureKeyVault102')]"
            ]
        },
        {
            "name": "[concat(parameters('factoryName'), '/SqlServeronpremlikedservice')]",
            "type": "Microsoft.DataFactory/factories/linkedServices",
            "apiVersion": "2018-06-01",
            "properties": {
                "annotations": [],
                "type": "SqlServer",
                "typeProperties": {
                    "connectionString": {
                        "type": "AzureKeyVaultSecret",
                        "store": {
                            "referenceName": "AzureKeyVault102",
                            "type": "LinkedServiceReference"
                        },
                        "secretName": "[parameters('SqlServeronpremlikedservice_properties_typeProperties_connectionString_secretName')]"
                    }
                },
                "connectVia": {
                    "referenceName": "SHAR02",
                    "type": "IntegrationRuntimeReference"
                }
            },
            "dependsOn": [
                "[concat(variables('factoryId'), '/integrationRuntimes/SHAR02')]",
                "[concat(variables('factoryId'), '/linkedServices/AzureKeyVault102')]"
            ]
        },
        {
            "name": "[concat(parameters('factoryName'), '/AzureDatabrickslinkedservice02')]",
            "type": "Microsoft.DataFactory/factories/linkedServices",
            "apiVersion": "2018-06-01",
            "properties": {
                "annotations": [],
                "type": "AzureDatabricks",
                "typeProperties": {
                    "domain": "https://adb-7571285348005572.12.azuredatabricks.net",
                    "accessToken": {
                        "type": "AzureKeyVaultSecret",
                        "store": {
                            "referenceName": "AzureKeyVault102",
                            "type": "LinkedServiceReference"
                        },
                        "secretName": "databricksworkspacetoken"
                    },
                    "existingClusterId": "[parameters('AzureDatabrickslinkedservice02_properties_typeProperties_existingClusterId')]"
                }
            },
            "dependsOn": [
                "[concat(variables('factoryId'), '/linkedServices/AzureKeyVault102')]"
            ]
        },
        {
            "name": "[concat(parameters('factoryName'), '/address')]",
            "type": "Microsoft.DataFactory/factories/datasets",
            "apiVersion": "2018-06-01",
            "properties": {
                "linkedServiceName": {
                    "referenceName": "SqlServer1onprem02",
                    "type": "LinkedServiceReference"
                },
                "annotations": [],
                "type": "SqlServerTable",
                "schema": [
                    {
                        "name": "AddressID",
                        "type": "int",
                        "precision": 10
                    },
                    {
                        "name": "AddressLine1",
                        "type": "nvarchar"
                    },
                    {
                        "name": "AddressLine2",
                        "type": "nvarchar"
                    },
                    {
                        "name": "City",
                        "type": "nvarchar"
                    },
                    {
                        "name": "StateProvince",
                        "type": "nvarchar"
                    },
                    {
                        "name": "CountryRegion",
                        "type": "nvarchar"
                    },
                    {
                        "name": "PostalCode",
                        "type": "nvarchar"
                    },
                    {
                        "name": "rowguid",
                        "type": "uniqueidentifier"
                    },
                    {
                        "name": "ModifiedDate",
                        "type": "datetime",
                        "precision": 23,
                        "scale": 3
                    }
                ],
                "typeProperties": {
                    "schema": "SalesLT",
                    "table": "Address"
                }
            },
            "dependsOn": [
                "[concat(variables('factoryId'), '/linkedServices/SqlServer1onprem02')]"
            ]
        },
        {
            "name": "[concat(parameters('factoryName'), '/SqlServercopy02')]",
            "type": "Microsoft.DataFactory/factories/datasets",
            "apiVersion": "2018-06-01",
            "properties": {
                "linkedServiceName": {
                    "referenceName": "SqlServer1onprem02",
                    "type": "LinkedServiceReference"
                },
                "annotations": [],
                "type": "SqlServerTable",
                "schema": [],
                "typeProperties": {}
            },
            "dependsOn": [
                "[concat(variables('factoryId'), '/linkedServices/SqlServer1onprem02')]"
            ]
        },
        {
            "name": "[concat(parameters('factoryName'), '/SqlServerAllTables02')]",
            "type": "Microsoft.DataFactory/factories/datasets",
            "apiVersion": "2018-06-01",
            "properties": {
                "linkedServiceName": {
                    "referenceName": "SqlServer1onprem02",
                    "type": "LinkedServiceReference"
                },
                "annotations": [],
                "type": "SqlServerTable",
                "schema": [],
                "typeProperties": {}
            },
            "dependsOn": [
                "[concat(variables('factoryId'), '/linkedServices/SqlServer1onprem02')]"
            ]
        },
        {
            "name": "[concat(parameters('factoryName'), '/Copy-pipeline')]",
            "type": "Microsoft.DataFactory/factories/pipelines",
            "apiVersion": "2018-06-01",
            "properties": {
                "activities": [
                    {
                        "name": "Copy Adress table",
                        "type": "Copy",
                        "dependsOn": [],
                        "policy": {
                            "timeout": "0.12:00:00",
                            "retry": 0,
                            "retryIntervalInSeconds": 30,
                            "secureOutput": false,
                            "secureInput": false
                        },
                        "userProperties": [],
                        "typeProperties": {
                            "source": {
                                "type": "SqlServerSource",
                                "queryTimeout": "02:00:00",
                                "partitionOption": "None"
                            },
                            "sink": {
                                "type": "ParquetSink",
                                "storeSettings": {
                                    "type": "AzureBlobFSWriteSettings"
                                },
                                "formatSettings": {
                                    "type": "ParquetWriteSettings"
                                }
                            },
                            "enableStaging": false,
                            "translator": {
                                "type": "TabularTranslator",
                                "typeConversion": true,
                                "typeConversionSettings": {
                                    "allowDataTruncation": true,
                                    "treatBooleanAsNumber": false
                                }
                            }
                        },
                        "inputs": [
                            {
                                "referenceName": "address",
                                "type": "DatasetReference",
                                "parameters": {}
                            }
                        ],
                        "outputs": [
                            {
                                "referenceName": "address_parq",
                                "type": "DatasetReference",
                                "parameters": {}
                            }
                        ]
                    }
                ],
                "policy": {
                    "elapsedTimeMetric": {}
                },
                "annotations": [],
                "lastPublishTime": "2023-10-19T14:26:31Z"
            },
            "dependsOn": [
                "[concat(variables('factoryId'), '/datasets/address')]",
                "[concat(variables('factoryId'), '/datasets/address_parq')]"
            ]
        },
        {
            "name": "[concat(parameters('factoryName'), '/Copy_all_tables')]",
            "type": "Microsoft.DataFactory/factories/pipelines",
            "apiVersion": "2018-06-01",
            "properties": {
                "activities": [
                    {
                        "name": "Look for all tables",
                        "type": "Lookup",
                        "dependsOn": [],
                        "policy": {
                            "timeout": "0.12:00:00",
                            "retry": 0,
                            "retryIntervalInSeconds": 30,
                            "secureOutput": false,
                            "secureInput": false
                        },
                        "userProperties": [],
                        "typeProperties": {
                            "source": {
                                "type": "SqlServerSource",
                                "sqlReaderQuery": "SELECT\ns.name AS SchemaName,\nt.name AS TableName\nFROM sys.tables t\nINNER JOIN sys.schemas s\nON t.schema_id = s.schema_id\nWHERE s.name ='SalesLT'",
                                "queryTimeout": "02:00:00",
                                "partitionOption": "None"
                            },
                            "dataset": {
                                "referenceName": "SqlServerAllTables02",
                                "type": "DatasetReference",
                                "parameters": {}
                            },
                            "firstRowOnly": false
                        }
                    },
                    {
                        "name": "ForEachschematable",
                        "type": "ForEach",
                        "dependsOn": [
                            {
                                "activity": "Look for all tables",
                                "dependencyConditions": [
                                    "Succeeded"
                                ]
                            }
                        ],
                        "userProperties": [],
                        "typeProperties": {
                            "items": {
                                "value": "@activity('Look for all tables').output.value",
                                "type": "Expression"
                            },
                            "activities": [
                                {
                                    "name": "CopyeachTable",
                                    "type": "Copy",
                                    "dependsOn": [],
                                    "policy": {
                                        "timeout": "0.12:00:00",
                                        "retry": 0,
                                        "retryIntervalInSeconds": 30,
                                        "secureOutput": false,
                                        "secureInput": false
                                    },
                                    "userProperties": [],
                                    "typeProperties": {
                                        "source": {
                                            "type": "SqlServerSource",
                                            "sqlReaderQuery": {
                                                "value": "@{concat('SELECT * FROM ', item().schemaName, '.', item().TableName)}\n",
                                                "type": "Expression"
                                            },
                                            "queryTimeout": "02:00:00",
                                            "partitionOption": "None"
                                        },
                                        "sink": {
                                            "type": "ParquetSink",
                                            "storeSettings": {
                                                "type": "AzureBlobFSWriteSettings"
                                            },
                                            "formatSettings": {
                                                "type": "ParquetWriteSettings"
                                            }
                                        },
                                        "enableStaging": false,
                                        "translator": {
                                            "type": "TabularTranslator",
                                            "typeConversion": true,
                                            "typeConversionSettings": {
                                                "allowDataTruncation": true,
                                                "treatBooleanAsNumber": false
                                            }
                                        }
                                    },
                                    "inputs": [
                                        {
                                            "referenceName": "SqlServercopy02",
                                            "type": "DatasetReference",
                                            "parameters": {}
                                        }
                                    ],
                                    "outputs": [
                                        {
                                            "referenceName": "ParquetTable",
                                            "type": "DatasetReference",
                                            "parameters": {
                                                "schemaname": {
                                                    "value": "@item().schemaName",
                                                    "type": "Expression"
                                                },
                                                "tablename": {
                                                    "value": "@item().TableName",
                                                    "type": "Expression"
                                                }
                                            }
                                        }
                                    ]
                                }
                            ]
                        }
                    },
                    {
                        "name": "Bronze to Silver",
                        "type": "DatabricksNotebook",
                        "dependsOn": [
                            {
                                "activity": "ForEachschematable",
                                "dependencyConditions": [
                                    "Succeeded"
                                ]
                            }
                        ],
                        "policy": {
                            "timeout": "0.12:00:00",
                            "retry": 0,
                            "retryIntervalInSeconds": 30,
                            "secureOutput": false,
                            "secureInput": false
                        },
                        "userProperties": [],
                        "typeProperties": {
                            "notebookPath": "/Shared/bronzetosilver_02"
                        },
                        "linkedServiceName": {
                            "referenceName": "AzureDatabrickslinkedservice02",
                            "type": "LinkedServiceReference"
                        }
                    },
                    {
                        "name": "Silver to Gold",
                        "type": "DatabricksNotebook",
                        "dependsOn": [
                            {
                                "activity": "Bronze to Silver",
                                "dependencyConditions": [
                                    "Succeeded"
                                ]
                            }
                        ],
                        "policy": {
                            "timeout": "0.12:00:00",
                            "retry": 0,
                            "retryIntervalInSeconds": 30,
                            "secureOutput": false,
                            "secureInput": false
                        },
                        "userProperties": [],
                        "typeProperties": {
                            "notebookPath": "/Shared/silvertogold-02"
                        },
                        "linkedServiceName": {
                            "referenceName": "AzureDatabrickslinkedservice02",
                            "type": "LinkedServiceReference"
                        }
                    }
                ],
                "policy": {
                    "elapsedTimeMetric": {}
                },
                "annotations": [],
                "lastPublishTime": "2023-10-20T11:29:32Z"
            },
            "dependsOn": [
                "[concat(variables('factoryId'), '/datasets/SqlServerAllTables02')]",
                "[concat(variables('factoryId'), '/linkedServices/AzureDatabrickslinkedservice02')]",
                "[concat(variables('factoryId'), '/datasets/SqlServercopy02')]",
                "[concat(variables('factoryId'), '/datasets/ParquetTable')]"
            ]
        },
        {
            "name": "[concat(parameters('factoryName'), '/schedule_trigger_02')]",
            "type": "Microsoft.DataFactory/factories/triggers",
            "apiVersion": "2018-06-01",
            "properties": {
                "annotations": [],
                "runtimeState": "Stopped",
                "pipelines": [
                    {
                        "pipelineReference": {
                            "referenceName": "Copy_all_tables",
                            "type": "PipelineReference"
                        },
                        "parameters": {}
                    }
                ],
                "type": "ScheduleTrigger",
                "typeProperties": {
                    "recurrence": {
                        "frequency": "Day",
                        "interval": 1,
                        "startTime": "2023-10-20T16:20:00",
                        "endTime": "2023-10-21T16:20:00",
                        "timeZone": "GMT Standard Time",
                        "schedule": {
                            "minutes": [
                                40
                            ],
                            "hours": [
                                17
                            ]
                        }
                    }
                }
            },
            "dependsOn": [
                "[concat(variables('factoryId'), '/pipelines/Copy_all_tables')]"
            ]
        }
    ]
}