{
    "$schema": "http://schema.management.azure.com/schemas/2015-01-01/deploymentTemplate.json#",
    "contentVersion": "1.0.0.0",
    "parameters": {
        "factoryName": {
            "type": "string",
            "metadata": "Data Factory name",
            "defaultValue": "adf-e2e-02"
        },
        "02dlgen2linkedservice_accountKey": {
            "type": "secureString",
            "metadata": "Secure string for 'accountKey' of '02dlgen2linkedservice'"
        },
        "SqlServer1onprem02_connectionString": {
            "type": "secureString",
            "metadata": "Secure string for 'connectionString' of 'SqlServer1onprem02'",
            "defaultValue": "Integrated Security=False;Data Source=JIAGEORGE\\SQLEXPRESS;Initial Catalog=AdventureWorksLT2017;User ID=mrk"
        },
        "02dlgen2linkedservice_properties_typeProperties_url": {
            "type": "string",
            "defaultValue": "https://02dlgen2.dfs.core.windows.net/"
        },
        "AzureKeyVault102_properties_typeProperties_baseUrl": {
            "type": "string",
            "defaultValue": "https://e2e-02-keyvault.vault.azure.net/"
        },
        "SqlServeronpremlikedservice_properties_typeProperties_connectionString_secretName": {
            "type": "string",
            "defaultValue": "password"
        },
        "AzureDatabrickslinkedservice02_properties_typeProperties_existingClusterId": {
            "type": "string",
            "defaultValue": "1019-205523-34rmkcjn"
        },
        "containerUri": {
            "type": "string",
            "metadata": "URI to storage account containing linked ARM templates"
        },
        "containerSasToken": {
            "type": "string",
            "metadata": "Sas token to storage account containing linked ARM templates"
        }
    },
    "variables": {
        "factoryId": "[concat('Microsoft.DataFactory/factories/', parameters('factoryName'))]"
    },
    "resources": [
        {
            "name": "adf-e2e-02_ArmTemplate_0",
            "type": "Microsoft.Resources/deployments",
            "apiVersion": "2018-02-01",
            "properties": {
                "mode": "incremental",
                "templateLink": {
                    "uri": "[concat(parameters('containerUri'), '/ArmTemplate_0.json', parameters('containerSasToken'))]",
                    "contentVersion": "1.0.0.0"
                },
                "parameters": {
                    "factoryName": {
                        "value": "[parameters('factoryName')]"
                    },
                    "02dlgen2linkedservice_accountKey": {
                        "value": "[parameters('02dlgen2linkedservice_accountKey')]"
                    },
                    "SqlServer1onprem02_connectionString": {
                        "value": "[parameters('SqlServer1onprem02_connectionString')]"
                    },
                    "02dlgen2linkedservice_properties_typeProperties_url": {
                        "value": "[parameters('02dlgen2linkedservice_properties_typeProperties_url')]"
                    },
                    "AzureKeyVault102_properties_typeProperties_baseUrl": {
                        "value": "[parameters('AzureKeyVault102_properties_typeProperties_baseUrl')]"
                    },
                    "SqlServeronpremlikedservice_properties_typeProperties_connectionString_secretName": {
                        "value": "[parameters('SqlServeronpremlikedservice_properties_typeProperties_connectionString_secretName')]"
                    },
                    "AzureDatabrickslinkedservice02_properties_typeProperties_existingClusterId": {
                        "value": "[parameters('AzureDatabrickslinkedservice02_properties_typeProperties_existingClusterId')]"
                    }
                }
            },
            "dependsOn": []
        }
    ]
}