{
    "now": "2024-01-03T12:04:51.236Z",
    "perfNow": 758431.2000002861,
    "diagnosticCorrelation": "37f46789-f857-4ee3-abc2-8c5833e19da9",
    "source": "DownloadSupportFiles",
    "environment": {
        "productName": "a365",
        "buildVersion": "23.1221.09",
        "environmentType": 9,
        "resourceName": "synapse-jia-02",
        "resourceRegion": "centralindia",
        "resourceGroup": "Tokyo_olympic_rs",
        "subscriptionId": "5dc686cb-17c5-41e0-8cb5-d0ff1372e7d7",
        "sessionId": "LY6ed",
        "operationId": "KsjkM",
        "gitType": "live"
    },
    "additionalInfo": {
        "selectedResource": "Creating tables in gold_bd",
        "selectedResourceType": "pipeline"
    }
}